{"cameraMode":{"drawMode":0,"name":"Shaded","section":"Shading Mode"},"sceneLighting":true,"audioPlay":false,"sceneViewState":{"m_AlwaysRefresh":false,"showFog":true,"showSkybox":true,"showFlares":true,"showImageEffects":true,"showParticleSystems":true,"showVisualEffectGraphs":true,"m_FxEnabled":true},"in2DMode":false,"pivot":{"x":17.636024475097658,"y":-4.248366832733154,"z":1.0576462745666505},"rotation":{"x":0.10669968277215958,"y":0.6790887117385864,"z":-0.10080771893262863,"w":0.719346821308136},"size":10.544248580932618,"orthographic":false}